corner,wn_store,wp_store,wn_access,temp,leakage_power_W
tt,1.2e-07,1.2e-07,1.2e-07,-40,4.35679e-11
tt,1.2e-07,1.2e-07,1.2e-07,0,4.63509e-11
tt,1.2e-07,1.2e-07,1.2e-07,27,5.32552e-11
tt,1.2e-07,1.2e-07,1.2e-07,85,1.16406e-10
tt,1.2e-07,1.2e-07,1.2e-07,125,2.54362e-10
tt,1.2e-07,1.6e-07,1.2e-07,-40,5.02668e-11
tt,1.2e-07,1.6e-07,1.2e-07,0,5.30631e-11
tt,1.2e-07,1.6e-07,1.2e-07,27,5.99329e-11
corner,wn_store,wp_store,wn_access,temp,leakage_power_W
tt,1.2e-07,1.2e-07,1.2e-07,-40,4.35679e-11
tt,1.2e-07,1.2e-07,1.2e-07,0,4.63509e-11
tt,1.2e-07,1.2e-07,1.2e-07,27,5.32552e-11
tt,1.2e-07,1.2e-07,1.2e-07,85,1.16406e-10
tt,1.2e-07,1.2e-07,1.2e-07,125,2.54362e-10
tt,1.2e-07,1.6e-07,1.2e-07,-40,5.02668e-11
tt,1.2e-07,1.6e-07,1.2e-07,0,5.30631e-11
tt,1.2e-07,1.6e-07,1.2e-07,27,5.99329e-11
tt,1.2e-07,1.6e-07,1.2e-07,85,1.22902e-10
tt,1.2e-07,1.6e-07,1.2e-07,125,2.61291e-10
tt,1.2e-07,2e-07,1.2e-07,-40,5.69644e-11
tt,1.2e-07,2e-07,1.2e-07,0,5.98208e-11
tt,1.2e-07,2e-07,1.2e-07,27,6.67996e-11
tt,1.2e-07,2e-07,1.2e-07,85,1.31084e-10
tt,1.2e-07,2e-07,1.2e-07,125,2.73301e-10
tt,1.2e-07,2.4e-07,1.2e-07,-40,6.36598e-11
tt,1.2e-07,2.4e-07,1.2e-07,0,6.65937e-11
tt,1.2e-07,2.4e-07,1.2e-07,27,7.37354e-11
tt,1.2e-07,2.4e-07,1.2e-07,85,1.39901e-10
tt,1.2e-07,2.4e-07,1.2e-07,125,2.87237e-10
tt,1.2e-07,2.8e-07,1.2e-07,-40,7.03535e-11
tt,1.2e-07,2.8e-07,1.2e-07,0,7.33732e-11
tt,1.2e-07,2.8e-07,1.2e-07,27,8.07034e-11
tt,1.2e-07,2.8e-07,1.2e-07,85,1.49021e-10
tt,1.2e-07,2.8e-07,1.2e-07,125,3.02094e-10
tt,1.2e-07,3.2e-07,1.2e-07,-40,7.69879e-11
tt,1.2e-07,3.2e-07,1.2e-07,0,8.00962e-11
tt,1.2e-07,3.2e-07,1.2e-07,27,8.76309e-11
tt,1.2e-07,3.2e-07,1.2e-07,85,1.58323e-10
tt,1.2e-07,3.2e-07,1.2e-07,125,3.17724e-10
tt,1.6e-07,1.2e-07,1.2e-07,-40,4.8287e-11
tt,1.6e-07,1.2e-07,1.2e-07,0,5.15561e-11
tt,1.6e-07,1.2e-07,1.2e-07,27,5.95789e-11
tt,1.6e-07,1.2e-07,1.2e-07,85,1.31971e-10
tt,1.6e-07,1.2e-07,1.2e-07,125,2.88658e-10
tt,1.6e-07,1.6e-07,1.2e-07,-40,5.49859e-11
tt,1.6e-07,1.6e-07,1.2e-07,0,5.82684e-11
tt,1.6e-07,1.6e-07,1.2e-07,27,6.62567e-11
tt,1.6e-07,1.6e-07,1.2e-07,85,1.38466e-10
tt,1.6e-07,1.6e-07,1.2e-07,125,2.95587e-10
tt,1.6e-07,2e-07,1.2e-07,-40,6.16835e-11
tt,1.6e-07,2e-07,1.2e-07,0,6.50261e-11
tt,1.6e-07,2e-07,1.2e-07,27,7.31233e-11
tt,1.6e-07,2e-07,1.2e-07,85,1.46648e-10
tt,1.6e-07,2e-07,1.2e-07,125,3.07596e-10
tt,1.6e-07,2.4e-07,1.2e-07,-40,6.8379e-11
tt,1.6e-07,2.4e-07,1.2e-07,0,7.1799e-11
tt,1.6e-07,2.4e-07,1.2e-07,27,8.00592e-11
tt,1.6e-07,2.4e-07,1.2e-07,85,1.55465e-10
tt,1.6e-07,2.4e-07,1.2e-07,125,3.21532e-10
tt,1.6e-07,2.8e-07,1.2e-07,-40,7.50725e-11
tt,1.6e-07,2.8e-07,1.2e-07,0,7.85784e-11
tt,1.6e-07,2.8e-07,1.2e-07,27,8.70271e-11
tt,1.6e-07,2.8e-07,1.2e-07,85,1.64585e-10
tt,1.6e-07,2.8e-07,1.2e-07,125,3.3639e-10
tt,1.6e-07,3.2e-07,1.2e-07,-40,8.17069e-11
tt,1.6e-07,3.2e-07,1.2e-07,0,8.53013e-11
tt,1.6e-07,3.2e-07,1.2e-07,27,9.39545e-11
tt,1.6e-07,3.2e-07,1.2e-07,85,1.73887e-10
tt,1.6e-07,3.2e-07,1.2e-07,125,3.5202e-10
tt,2e-07,1.2e-07,1.2e-07,-40,5.29305e-11
tt,2e-07,1.2e-07,1.2e-07,0,5.65662e-11
tt,2e-07,1.2e-07,1.2e-07,27,6.54467e-11
tt,2e-07,1.2e-07,1.2e-07,85,1.45221e-10
tt,2e-07,1.2e-07,1.2e-07,125,3.17352e-10
tt,2e-07,1.6e-07,1.2e-07,-40,5.96294e-11
tt,2e-07,1.6e-07,1.2e-07,0,6.32785e-11
tt,2e-07,1.6e-07,1.2e-07,27,7.21245e-11
tt,2e-07,1.6e-07,1.2e-07,85,1.51716e-10
tt,2e-07,1.6e-07,1.2e-07,125,3.24281e-10
tt,2e-07,2e-07,1.2e-07,-40,6.63269e-11
tt,2e-07,2e-07,1.2e-07,0,7.00361e-11
tt,2e-07,2e-07,1.2e-07,27,7.89911e-11
tt,2e-07,2e-07,1.2e-07,85,1.59898e-10
tt,2e-07,2e-07,1.2e-07,125,3.3629e-10
tt,2e-07,2.4e-07,1.2e-07,-40,7.30224e-11
tt,2e-07,2.4e-07,1.2e-07,0,7.68091e-11
tt,2e-07,2.4e-07,1.2e-07,27,8.5927e-11
tt,2e-07,2.4e-07,1.2e-07,85,1.68715e-10
tt,2e-07,2.4e-07,1.2e-07,125,3.50226e-10
tt,2e-07,2.8e-07,1.2e-07,-40,7.9716e-11
tt,2e-07,2.8e-07,1.2e-07,0,8.35884e-11
tt,2e-07,2.8e-07,1.2e-07,27,9.28949e-11
tt,2e-07,2.8e-07,1.2e-07,85,1.77836e-10
tt,2e-07,2.8e-07,1.2e-07,125,3.65084e-10
tt,2e-07,3.2e-07,1.2e-07,-40,8.63504e-11
tt,2e-07,3.2e-07,1.2e-07,0,9.03114e-11
tt,2e-07,3.2e-07,1.2e-07,27,9.98223e-11
tt,2e-07,3.2e-07,1.2e-07,85,1.87137e-10
tt,2e-07,3.2e-07,1.2e-07,125,3.80714e-10
tt,2.4e-07,1.2e-07,1.2e-07,-40,5.75299e-11
tt,2.4e-07,1.2e-07,1.2e-07,0,6.14721e-11
tt,2.4e-07,1.2e-07,1.2e-07,27,7.10751e-11
tt,2.4e-07,1.2e-07,1.2e-07,85,1.57229e-10
tt,2.4e-07,1.2e-07,1.2e-07,125,3.42978e-10
tt,2.4e-07,1.6e-07,1.2e-07,-40,6.42288e-11
tt,2.4e-07,1.6e-07,1.2e-07,0,6.81843e-11
tt,2.4e-07,1.6e-07,1.2e-07,27,7.77528e-11
tt,2.4e-07,1.6e-07,1.2e-07,85,1.63724e-10
tt,2.4e-07,1.6e-07,1.2e-07,125,3.49907e-10
tt,2.4e-07,2e-07,1.2e-07,-40,7.09264e-11
tt,2.4e-07,2e-07,1.2e-07,0,7.4942e-11
tt,2.4e-07,2e-07,1.2e-07,27,8.46195e-11
tt,2.4e-07,2e-07,1.2e-07,85,1.71906e-10
tt,2.4e-07,2e-07,1.2e-07,125,3.61917e-10
tt,2.4e-07,2.4e-07,1.2e-07,-40,7.76217e-11
tt,2.4e-07,2.4e-07,1.2e-07,0,8.17148e-11
tt,2.4e-07,2.4e-07,1.2e-07,27,9.15552e-11
tt,2.4e-07,2.4e-07,1.2e-07,85,1.80723e-10
tt,2.4e-07,2.4e-07,1.2e-07,125,3.75852e-10
tt,2.4e-07,2.8e-07,1.2e-07,-40,8.43155e-11
tt,2.4e-07,2.8e-07,1.2e-07,0,8.84944e-11
tt,2.4e-07,2.8e-07,1.2e-07,27,9.85234e-11
tt,2.4e-07,2.8e-07,1.2e-07,85,1.89843e-10
tt,2.4e-07,2.8e-07,1.2e-07,125,3.9071e-10
tt,2.4e-07,3.2e-07,1.2e-07,-40,9.095e-11
tt,2.4e-07,3.2e-07,1.2e-07,0,9.52174e-11
tt,2.4e-07,3.2e-07,1.2e-07,27,1.05451e-10
tt,2.4e-07,3.2e-07,1.2e-07,85,1.99145e-10
tt,2.4e-07,3.2e-07,1.2e-07,125,4.0634e-10
tt,2.8e-07,1.2e-07,1.2e-07,-40,6.21017e-11
tt,2.8e-07,1.2e-07,1.2e-07,0,6.6318e-11
tt,2.8e-07,1.2e-07,1.2e-07,27,7.6568e-11
tt,2.8e-07,1.2e-07,1.2e-07,85,1.68519e-10
tt,2.8e-07,1.2e-07,1.2e-07,125,3.66795e-10
tt,2.8e-07,1.6e-07,1.2e-07,-40,6.88006e-11
tt,2.8e-07,1.6e-07,1.2e-07,0,7.30303e-11
tt,2.8e-07,1.6e-07,1.2e-07,27,8.32458e-11
tt,2.8e-07,1.6e-07,1.2e-07,85,1.75014e-10
tt,2.8e-07,1.6e-07,1.2e-07,125,3.73723e-10
tt,2.8e-07,2e-07,1.2e-07,-40,7.54982e-11
tt,2.8e-07,2e-07,1.2e-07,0,7.9788e-11
tt,2.8e-07,2e-07,1.2e-07,27,9.01125e-11
tt,2.8e-07,2e-07,1.2e-07,85,1.83196e-10
tt,2.8e-07,2e-07,1.2e-07,125,3.85733e-10
tt,2.8e-07,2.4e-07,1.2e-07,-40,8.21937e-11
tt,2.8e-07,2.4e-07,1.2e-07,0,8.6561e-11
tt,2.8e-07,2.4e-07,1.2e-07,27,9.70483e-11
tt,2.8e-07,2.4e-07,1.2e-07,85,1.92013e-10
tt,2.8e-07,2.4e-07,1.2e-07,125,3.99669e-10
tt,2.8e-07,2.8e-07,1.2e-07,-40,8.88872e-11
tt,2.8e-07,2.8e-07,1.2e-07,0,9.33403e-11
tt,2.8e-07,2.8e-07,1.2e-07,27,1.04016e-10
tt,2.8e-07,2.8e-07,1.2e-07,85,2.01133e-10
tt,2.8e-07,2.8e-07,1.2e-07,125,4.14526e-10
tt,2.8e-07,3.2e-07,1.2e-07,-40,9.55217e-11
tt,2.8e-07,3.2e-07,1.2e-07,0,1.00063e-10
tt,2.8e-07,3.2e-07,1.2e-07,27,1.10944e-10
tt,2.8e-07,3.2e-07,1.2e-07,85,2.10435e-10
tt,2.8e-07,3.2e-07,1.2e-07,125,4.30156e-10
tt,3.2e-07,1.2e-07,1.2e-07,-40,6.66878e-11
tt,3.2e-07,1.2e-07,1.2e-07,0,7.10589e-11
tt,3.2e-07,1.2e-07,1.2e-07,27,8.16965e-11
tt,3.2e-07,1.2e-07,1.2e-07,85,1.7765e-10
tt,3.2e-07,1.2e-07,1.2e-07,125,3.85396e-10
tt,3.2e-07,1.6e-07,1.2e-07,-40,7.33866e-11
tt,3.2e-07,1.6e-07,1.2e-07,0,7.77711e-11
tt,3.2e-07,1.6e-07,1.2e-07,27,8.83742e-11
tt,3.2e-07,1.6e-07,1.2e-07,85,1.84146e-10
tt,3.2e-07,1.6e-07,1.2e-07,125,3.92324e-10
tt,3.2e-07,2e-07,1.2e-07,-40,8.00842e-11
tt,3.2e-07,2e-07,1.2e-07,0,8.45288e-11
tt,3.2e-07,2e-07,1.2e-07,27,9.52409e-11
tt,3.2e-07,2e-07,1.2e-07,85,1.92327e-10
tt,3.2e-07,2e-07,1.2e-07,125,4.04334e-10
tt,3.2e-07,2.4e-07,1.2e-07,-40,8.67797e-11
tt,3.2e-07,2.4e-07,1.2e-07,0,9.13017e-11
tt,3.2e-07,2.4e-07,1.2e-07,27,1.02177e-10
tt,3.2e-07,2.4e-07,1.2e-07,85,2.01145e-10
tt,3.2e-07,2.4e-07,1.2e-07,125,4.18269e-10
tt,3.2e-07,2.8e-07,1.2e-07,-40,9.34735e-11
tt,3.2e-07,2.8e-07,1.2e-07,0,9.80813e-11
tt,3.2e-07,2.8e-07,1.2e-07,27,1.09145e-10
tt,3.2e-07,2.8e-07,1.2e-07,85,2.10265e-10
tt,3.2e-07,2.8e-07,1.2e-07,125,4.33127e-10
tt,3.2e-07,3.2e-07,1.2e-07,-40,1.00108e-10
tt,3.2e-07,3.2e-07,1.2e-07,0,1.04804e-10
tt,3.2e-07,3.2e-07,1.2e-07,27,1.16072e-10
tt,3.2e-07,3.2e-07,1.2e-07,85,2.19567e-10
tt,3.2e-07,3.2e-07,1.2e-07,125,4.48757e-10
ff,1.2e-07,1.2e-07,1.2e-07,-40,7.82933e-11
ff,1.2e-07,1.2e-07,1.2e-07,0,1.42191e-10
ff,1.2e-07,1.2e-07,1.2e-07,27,2.56384e-10
ff,1.2e-07,1.2e-07,1.2e-07,85,9.20661e-10
ff,1.2e-07,1.2e-07,1.2e-07,125,1.9416e-09
ff,1.2e-07,1.6e-07,1.2e-07,-40,8.60389e-11
ff,1.2e-07,1.6e-07,1.2e-07,0,1.40981e-10
ff,1.2e-07,1.6e-07,1.2e-07,27,2.38374e-10
ff,1.2e-07,1.6e-07,1.2e-07,85,8.08751e-10
ff,1.2e-07,1.6e-07,1.2e-07,125,1.69961e-09
ff,1.2e-07,2e-07,1.2e-07,-40,9.49093e-11
ff,1.2e-07,2e-07,1.2e-07,0,1.46907e-10
ff,1.2e-07,2e-07,1.2e-07,27,2.38564e-10
ff,1.2e-07,2e-07,1.2e-07,85,7.76499e-10
ff,1.2e-07,2e-07,1.2e-07,125,1.62351e-09
ff,1.2e-07,2.4e-07,1.2e-07,-40,1.04064e-10
ff,1.2e-07,2.4e-07,1.2e-07,0,1.54809e-10
ff,1.2e-07,2.4e-07,1.2e-07,27,2.44032e-10
ff,1.2e-07,2.4e-07,1.2e-07,85,7.69107e-10
ff,1.2e-07,2.4e-07,1.2e-07,125,1.60119e-09
ff,1.2e-07,2.8e-07,1.2e-07,-40,1.13326e-10
ff,1.2e-07,2.8e-07,1.2e-07,0,1.63497e-10
ff,1.2e-07,2.8e-07,1.2e-07,27,2.5165e-10
ff,1.2e-07,2.8e-07,1.2e-07,85,7.72299e-10
ff,1.2e-07,2.8e-07,1.2e-07,125,1.6023e-09
ff,1.2e-07,3.2e-07,1.2e-07,-40,1.22507e-10
ff,1.2e-07,3.2e-07,1.2e-07,0,1.72492e-10
ff,1.2e-07,3.2e-07,1.2e-07,27,2.60429e-10
ff,1.2e-07,3.2e-07,1.2e-07,85,7.8258e-10
ff,1.2e-07,3.2e-07,1.2e-07,125,1.62054e-09
ff,1.6e-07,1.2e-07,1.2e-07,-40,8.28615e-11
ff,1.6e-07,1.2e-07,1.2e-07,0,1.41963e-10
ff,1.6e-07,1.2e-07,1.2e-07,27,2.51299e-10
ff,1.6e-07,1.2e-07,1.2e-07,85,9.08137e-10
ff,1.6e-07,1.2e-07,1.2e-07,125,1.93866e-09
ff,1.6e-07,1.6e-07,1.2e-07,-40,9.06072e-11
ff,1.6e-07,1.6e-07,1.2e-07,0,1.40753e-10
ff,1.6e-07,1.6e-07,1.2e-07,27,2.33289e-10
ff,1.6e-07,1.6e-07,1.2e-07,85,7.96229e-10
ff,1.6e-07,1.6e-07,1.2e-07,125,1.69668e-09
ff,1.6e-07,2e-07,1.2e-07,-40,9.94775e-11
ff,1.6e-07,2e-07,1.2e-07,0,1.46678e-10
ff,1.6e-07,2e-07,1.2e-07,27,2.33479e-10
ff,1.6e-07,2e-07,1.2e-07,85,7.63977e-10
ff,1.6e-07,2e-07,1.2e-07,125,1.62057e-09
ff,1.6e-07,2.4e-07,1.2e-07,-40,1.08632e-10
ff,1.6e-07,2.4e-07,1.2e-07,0,1.54581e-10
ff,1.6e-07,2.4e-07,1.2e-07,27,2.38947e-10
ff,1.6e-07,2.4e-07,1.2e-07,85,7.56585e-10
ff,1.6e-07,2.4e-07,1.2e-07,125,1.59826e-09
ff,1.6e-07,2.8e-07,1.2e-07,-40,1.17894e-10
ff,1.6e-07,2.8e-07,1.2e-07,0,1.63268e-10
ff,1.6e-07,2.8e-07,1.2e-07,27,2.46565e-10
ff,1.6e-07,2.8e-07,1.2e-07,85,7.59776e-10
ff,1.6e-07,2.8e-07,1.2e-07,125,1.59937e-09
ff,1.6e-07,3.2e-07,1.2e-07,-40,1.27075e-10
ff,1.6e-07,3.2e-07,1.2e-07,0,1.72263e-10
ff,1.6e-07,3.2e-07,1.2e-07,27,2.55344e-10
ff,1.6e-07,3.2e-07,1.2e-07,85,7.70057e-10
ff,1.6e-07,3.2e-07,1.2e-07,125,1.6176e-09
ff,2e-07,1.2e-07,1.2e-07,-40,8.84257e-11
ff,2e-07,1.2e-07,1.2e-07,0,1.45147e-10
ff,2e-07,1.2e-07,1.2e-07,27,2.5237e-10
ff,2e-07,1.2e-07,1.2e-07,85,9.10105e-10
ff,2e-07,1.2e-07,1.2e-07,125,1.95643e-09
ff,2e-07,1.6e-07,1.2e-07,-40,9.61714e-11
ff,2e-07,1.6e-07,1.2e-07,0,1.43937e-10
ff,2e-07,1.6e-07,1.2e-07,27,2.34361e-10
ff,2e-07,1.6e-07,1.2e-07,85,7.98197e-10
ff,2e-07,1.6e-07,1.2e-07,125,1.71445e-09
ff,2e-07,2e-07,1.2e-07,-40,1.05042e-10
ff,2e-07,2e-07,1.2e-07,0,1.49862e-10
ff,2e-07,2e-07,1.2e-07,27,2.34551e-10
ff,2e-07,2e-07,1.2e-07,85,7.65945e-10
ff,2e-07,2e-07,1.2e-07,125,1.63834e-09
ff,2e-07,2.4e-07,1.2e-07,-40,1.14197e-10
ff,2e-07,2.4e-07,1.2e-07,0,1.57765e-10
ff,2e-07,2.4e-07,1.2e-07,27,2.40018e-10
ff,2e-07,2.4e-07,1.2e-07,85,7.58554e-10
ff,2e-07,2.4e-07,1.2e-07,125,1.61603e-09
ff,2e-07,2.8e-07,1.2e-07,-40,1.23458e-10
ff,2e-07,2.8e-07,1.2e-07,0,1.66452e-10
ff,2e-07,2.8e-07,1.2e-07,27,2.47637e-10
ff,2e-07,2.8e-07,1.2e-07,85,7.61745e-10
ff,2e-07,2.8e-07,1.2e-07,125,1.61713e-09
ff,2e-07,3.2e-07,1.2e-07,-40,1.32639e-10
ff,2e-07,3.2e-07,1.2e-07,0,1.75447e-10
ff,2e-07,3.2e-07,1.2e-07,27,2.56415e-10
ff,2e-07,3.2e-07,1.2e-07,85,7.72026e-10
ff,2e-07,3.2e-07,1.2e-07,125,1.63537e-09
ff,2.4e-07,1.2e-07,1.2e-07,-40,9.44315e-11
ff,2.4e-07,1.2e-07,1.2e-07,0,1.49964e-10
ff,2.4e-07,1.2e-07,1.2e-07,27,2.56493e-10
ff,2.4e-07,1.2e-07,1.2e-07,85,9.19661e-10
ff,2.4e-07,1.2e-07,1.2e-07,125,1.98536e-09
ff,2.4e-07,1.6e-07,1.2e-07,-40,1.02177e-10
ff,2.4e-07,1.6e-07,1.2e-07,0,1.48755e-10
ff,2.4e-07,1.6e-07,1.2e-07,27,2.38483e-10
ff,2.4e-07,1.6e-07,1.2e-07,85,8.07753e-10
ff,2.4e-07,1.6e-07,1.2e-07,125,1.74339e-09
ff,2.4e-07,2e-07,1.2e-07,-40,1.11047e-10
ff,2.4e-07,2e-07,1.2e-07,0,1.5468e-10
ff,2.4e-07,2e-07,1.2e-07,27,2.38673e-10
ff,2.4e-07,2e-07,1.2e-07,85,7.75501e-10
ff,2.4e-07,2e-07,1.2e-07,125,1.66728e-09
ff,2.4e-07,2.4e-07,1.2e-07,-40,1.20202e-10
ff,2.4e-07,2.4e-07,1.2e-07,0,1.62582e-10
ff,2.4e-07,2.4e-07,1.2e-07,27,2.44141e-10
ff,2.4e-07,2.4e-07,1.2e-07,85,7.68109e-10
ff,2.4e-07,2.4e-07,1.2e-07,125,1.64497e-09
ff,2.4e-07,2.8e-07,1.2e-07,-40,1.29464e-10
ff,2.4e-07,2.8e-07,1.2e-07,0,1.7127e-10
ff,2.4e-07,2.8e-07,1.2e-07,27,2.51759e-10
ff,2.4e-07,2.8e-07,1.2e-07,85,7.713e-10
ff,2.4e-07,2.8e-07,1.2e-07,125,1.64607e-09
ff,2.4e-07,3.2e-07,1.2e-07,-40,1.38645e-10
ff,2.4e-07,3.2e-07,1.2e-07,0,1.80265e-10
ff,2.4e-07,3.2e-07,1.2e-07,27,2.60538e-10
ff,2.4e-07,3.2e-07,1.2e-07,85,7.81581e-10
ff,2.4e-07,3.2e-07,1.2e-07,125,1.66431e-09
ff,2.8e-07,1.2e-07,1.2e-07,-40,1.00667e-10
ff,2.8e-07,1.2e-07,1.2e-07,0,1.55683e-10
ff,2.8e-07,1.2e-07,1.2e-07,27,2.6234e-10
ff,2.8e-07,1.2e-07,1.2e-07,85,9.33672e-10
ff,2.8e-07,1.2e-07,1.2e-07,125,2.02099e-09
ff,2.8e-07,1.6e-07,1.2e-07,-40,1.08412e-10
ff,2.8e-07,1.6e-07,1.2e-07,0,1.54473e-10
ff,2.8e-07,1.6e-07,1.2e-07,27,2.4433e-10
ff,2.8e-07,1.6e-07,1.2e-07,85,8.21764e-10
ff,2.8e-07,1.6e-07,1.2e-07,125,1.77901e-09
ff,2.8e-07,2e-07,1.2e-07,-40,1.17283e-10
ff,2.8e-07,2e-07,1.2e-07,0,1.60398e-10
ff,2.8e-07,2e-07,1.2e-07,27,2.4452e-10
ff,2.8e-07,2e-07,1.2e-07,85,7.89512e-10
ff,2.8e-07,2e-07,1.2e-07,125,1.70291e-09
ff,2.8e-07,2.4e-07,1.2e-07,-40,1.26438e-10
ff,2.8e-07,2.4e-07,1.2e-07,0,1.68301e-10
ff,2.8e-07,2.4e-07,1.2e-07,27,2.49988e-10
ff,2.8e-07,2.4e-07,1.2e-07,85,7.8212e-10
ff,2.8e-07,2.4e-07,1.2e-07,125,1.68059e-09
ff,2.8e-07,2.8e-07,1.2e-07,-40,1.35699e-10
ff,2.8e-07,2.8e-07,1.2e-07,0,1.76988e-10
ff,2.8e-07,2.8e-07,1.2e-07,27,2.57606e-10
ff,2.8e-07,2.8e-07,1.2e-07,85,7.85312e-10
ff,2.8e-07,2.8e-07,1.2e-07,125,1.6817e-09
ff,2.8e-07,3.2e-07,1.2e-07,-40,1.4488e-10
ff,2.8e-07,3.2e-07,1.2e-07,0,1.85983e-10
ff,2.8e-07,3.2e-07,1.2e-07,27,2.66385e-10
ff,2.8e-07,3.2e-07,1.2e-07,85,7.95592e-10
ff,2.8e-07,3.2e-07,1.2e-07,125,1.69994e-09
ff,3.2e-07,1.2e-07,1.2e-07,-40,1.07167e-10
ff,3.2e-07,1.2e-07,1.2e-07,0,1.6218e-10
ff,3.2e-07,1.2e-07,1.2e-07,27,2.69856e-10
ff,3.2e-07,1.2e-07,1.2e-07,85,9.54514e-10
ff,3.2e-07,1.2e-07,1.2e-07,125,2.07146e-09
ff,3.2e-07,1.6e-07,1.2e-07,-40,1.14913e-10
ff,3.2e-07,1.6e-07,1.2e-07,0,1.60971e-10
ff,3.2e-07,1.6e-07,1.2e-07,27,2.51846e-10
ff,3.2e-07,1.6e-07,1.2e-07,85,8.42605e-10
ff,3.2e-07,1.6e-07,1.2e-07,125,1.82948e-09
ff,3.2e-07,2e-07,1.2e-07,-40,1.23783e-10
ff,3.2e-07,2e-07,1.2e-07,0,1.66896e-10
ff,3.2e-07,2e-07,1.2e-07,27,2.52037e-10
ff,3.2e-07,2e-07,1.2e-07,85,8.10353e-10
ff,3.2e-07,2e-07,1.2e-07,125,1.75337e-09
ff,3.2e-07,2.4e-07,1.2e-07,-40,1.32938e-10
ff,3.2e-07,2.4e-07,1.2e-07,0,1.74798e-10
ff,3.2e-07,2.4e-07,1.2e-07,27,2.57504e-10
ff,3.2e-07,2.4e-07,1.2e-07,85,8.02961e-10
ff,3.2e-07,2.4e-07,1.2e-07,125,1.73105e-09
ff,3.2e-07,2.8e-07,1.2e-07,-40,1.422e-10
ff,3.2e-07,2.8e-07,1.2e-07,0,1.83486e-10
ff,3.2e-07,2.8e-07,1.2e-07,27,2.65123e-10
ff,3.2e-07,2.8e-07,1.2e-07,85,8.06153e-10
ff,3.2e-07,2.8e-07,1.2e-07,125,1.73216e-09
ff,3.2e-07,3.2e-07,1.2e-07,-40,1.51381e-10
ff,3.2e-07,3.2e-07,1.2e-07,0,1.92481e-10
ff,3.2e-07,3.2e-07,1.2e-07,27,2.73901e-10
ff,3.2e-07,3.2e-07,1.2e-07,85,8.16434e-10
ff,3.2e-07,3.2e-07,1.2e-07,125,1.7504e-09
ss,1.2e-07,1.2e-07,1.2e-07,-40,3.06632e-11
ss,1.2e-07,1.2e-07,1.2e-07,0,3.08959e-11
ss,1.2e-07,1.2e-07,1.2e-07,27,3.13449e-11
ss,1.2e-07,1.2e-07,1.2e-07,85,3.68649e-11
ss,1.2e-07,1.2e-07,1.2e-07,125,5.38821e-11
ss,1.2e-07,1.6e-07,1.2e-07,-40,3.54328e-11
ss,1.2e-07,1.6e-07,1.2e-07,0,3.57127e-11
ss,1.2e-07,1.6e-07,1.2e-07,27,3.62562e-11
ss,1.2e-07,1.6e-07,1.2e-07,85,4.29815e-11
ss,1.2e-07,1.6e-07,1.2e-07,125,6.35939e-11
ss,1.2e-07,2e-07,1.2e-07,-40,4.02009e-11
ss,1.2e-07,2e-07,1.2e-07,0,4.05265e-11
ss,1.2e-07,2e-07,1.2e-07,27,4.11566e-11
ss,1.2e-07,2e-07,1.2e-07,85,4.89559e-11
ss,1.2e-07,2e-07,1.2e-07,125,7.27701e-11
ss,1.2e-07,2.4e-07,1.2e-07,-40,4.49673e-11
ss,1.2e-07,2.4e-07,1.2e-07,0,4.53371e-11
ss,1.2e-07,2.4e-07,1.2e-07,27,4.60488e-11
ss,1.2e-07,2.4e-07,1.2e-07,85,5.48474e-11
ss,1.2e-07,2.4e-07,1.2e-07,125,8.16539e-11
ss,1.2e-07,2.8e-07,1.2e-07,-40,4.97323e-11
ss,1.2e-07,2.8e-07,1.2e-07,0,5.01456e-11
ss,1.2e-07,2.8e-07,1.2e-07,27,5.09357e-11
ss,1.2e-07,2.8e-07,1.2e-07,85,6.06876e-11
ss,1.2e-07,2.8e-07,1.2e-07,125,9.03618e-11
ss,1.2e-07,3.2e-07,1.2e-07,-40,5.44766e-11
ss,1.2e-07,3.2e-07,1.2e-07,0,5.49319e-11
ss,1.2e-07,3.2e-07,1.2e-07,27,5.5797e-11
ss,1.2e-07,3.2e-07,1.2e-07,85,6.6467e-11
ss,1.2e-07,3.2e-07,1.2e-07,125,9.89268e-11
ss,1.6e-07,1.2e-07,1.2e-07,-40,3.37988e-11
ss,1.6e-07,1.2e-07,1.2e-07,0,3.41271e-11
ss,1.6e-07,1.2e-07,1.2e-07,27,3.47925e-11
ss,1.6e-07,1.2e-07,1.2e-07,85,4.2599e-11
ss,1.6e-07,1.2e-07,1.2e-07,125,6.53753e-11
ss,1.6e-07,1.6e-07,1.2e-07,-40,3.85684e-11
ss,1.6e-07,1.6e-07,1.2e-07,0,3.89441e-11
ss,1.6e-07,1.6e-07,1.2e-07,27,3.97039e-11
ss,1.6e-07,1.6e-07,1.2e-07,85,4.87158e-11
ss,1.6e-07,1.6e-07,1.2e-07,125,7.50872e-11
ss,1.6e-07,2e-07,1.2e-07,-40,4.33365e-11
ss,1.6e-07,2e-07,1.2e-07,0,4.37577e-11
ss,1.6e-07,2e-07,1.2e-07,27,4.46041e-11
ss,1.6e-07,2e-07,1.2e-07,85,5.46901e-11
ss,1.6e-07,2e-07,1.2e-07,125,8.42634e-11
ss,1.6e-07,2.4e-07,1.2e-07,-40,4.81029e-11
ss,1.6e-07,2.4e-07,1.2e-07,0,4.85685e-11
ss,1.6e-07,2.4e-07,1.2e-07,27,4.94965e-11
ss,1.6e-07,2.4e-07,1.2e-07,85,6.05817e-11
ss,1.6e-07,2.4e-07,1.2e-07,125,9.31472e-11
ss,1.6e-07,2.8e-07,1.2e-07,-40,5.28679e-11
ss,1.6e-07,2.8e-07,1.2e-07,0,5.33768e-11
ss,1.6e-07,2.8e-07,1.2e-07,27,5.43832e-11
ss,1.6e-07,2.8e-07,1.2e-07,85,6.64217e-11
ss,1.6e-07,2.8e-07,1.2e-07,125,1.01855e-10
ss,1.6e-07,3.2e-07,1.2e-07,-40,5.76121e-11
ss,1.6e-07,3.2e-07,1.2e-07,0,5.81631e-11
ss,1.6e-07,3.2e-07,1.2e-07,27,5.92445e-11
ss,1.6e-07,3.2e-07,1.2e-07,85,7.22011e-11
ss,1.6e-07,3.2e-07,1.2e-07,125,1.1042e-10
ss,2e-07,1.2e-07,1.2e-07,-40,3.69026e-11
ss,2e-07,1.2e-07,1.2e-07,0,3.73228e-11
ss,2e-07,1.2e-07,1.2e-07,27,3.81919e-11
ss,2e-07,1.2e-07,1.2e-07,85,4.81246e-11
ss,2e-07,1.2e-07,1.2e-07,125,7.62339e-11
ss,2e-07,1.6e-07,1.2e-07,-40,4.16722e-11
ss,2e-07,1.6e-07,1.2e-07,0,4.21397e-11
ss,2e-07,1.6e-07,1.2e-07,27,4.31033e-11
ss,2e-07,1.6e-07,1.2e-07,85,5.42413e-11
ss,2e-07,1.6e-07,1.2e-07,125,8.59458e-11
ss,2e-07,2e-07,1.2e-07,-40,4.64403e-11
ss,2e-07,2e-07,1.2e-07,0,4.69534e-11
ss,2e-07,2e-07,1.2e-07,27,4.80036e-11
ss,2e-07,2e-07,1.2e-07,85,6.02156e-11
ss,2e-07,2e-07,1.2e-07,125,9.5122e-11
ss,2e-07,2.4e-07,1.2e-07,-40,5.12067e-11
ss,2e-07,2.4e-07,1.2e-07,0,5.17641e-11
ss,2e-07,2.4e-07,1.2e-07,27,5.28959e-11
ss,2e-07,2.4e-07,1.2e-07,85,6.61072e-11
ss,2e-07,2.4e-07,1.2e-07,125,1.04006e-10
ss,2e-07,2.8e-07,1.2e-07,-40,5.59716e-11
ss,2e-07,2.8e-07,1.2e-07,0,5.65725e-11
ss,2e-07,2.8e-07,1.2e-07,27,5.77826e-11
ss,2e-07,2.8e-07,1.2e-07,85,7.19473e-11
ss,2e-07,2.8e-07,1.2e-07,125,1.12714e-10
ss,2e-07,3.2e-07,1.2e-07,-40,6.07159e-11
ss,2e-07,3.2e-07,1.2e-07,0,6.13588e-11
ss,2e-07,3.2e-07,1.2e-07,27,6.2644e-11
ss,2e-07,3.2e-07,1.2e-07,85,7.77266e-11
ss,2e-07,3.2e-07,1.2e-07,125,1.21279e-10
ss,2.4e-07,1.2e-07,1.2e-07,-40,3.99837e-11
ss,2.4e-07,1.2e-07,1.2e-07,0,4.04901e-11
ss,2.4e-07,1.2e-07,1.2e-07,27,4.15459e-11
ss,2.4e-07,1.2e-07,1.2e-07,85,5.342e-11
ss,2.4e-07,1.2e-07,1.2e-07,125,8.64194e-11
ss,2.4e-07,1.6e-07,1.2e-07,-40,4.47532e-11
ss,2.4e-07,1.6e-07,1.2e-07,0,4.53069e-11
ss,2.4e-07,1.6e-07,1.2e-07,27,4.64572e-11
ss,2.4e-07,1.6e-07,1.2e-07,85,5.95367e-11
ss,2.4e-07,1.6e-07,1.2e-07,125,9.61313e-11
ss,2.4e-07,2e-07,1.2e-07,-40,4.95214e-11
ss,2.4e-07,2e-07,1.2e-07,0,5.01206e-11
ss,2.4e-07,2e-07,1.2e-07,27,5.13575e-11
ss,2.4e-07,2e-07,1.2e-07,85,6.5511e-11
ss,2.4e-07,2e-07,1.2e-07,125,1.05308e-10
ss,2.4e-07,2.4e-07,1.2e-07,-40,5.42877e-11
ss,2.4e-07,2.4e-07,1.2e-07,0,5.49313e-11
ss,2.4e-07,2.4e-07,1.2e-07,27,5.62497e-11
ss,2.4e-07,2.4e-07,1.2e-07,85,7.14025e-11
ss,2.4e-07,2.4e-07,1.2e-07,125,1.14191e-10
ss,2.4e-07,2.8e-07,1.2e-07,-40,5.90529e-11
ss,2.4e-07,2.8e-07,1.2e-07,0,5.97399e-11
ss,2.4e-07,2.8e-07,1.2e-07,27,6.11367e-11
ss,2.4e-07,2.8e-07,1.2e-07,85,7.72428e-11
ss,2.4e-07,2.8e-07,1.2e-07,125,1.22899e-10
ss,2.4e-07,3.2e-07,1.2e-07,-40,6.37971e-11
ss,2.4e-07,3.2e-07,1.2e-07,0,6.45262e-11
ss,2.4e-07,3.2e-07,1.2e-07,27,6.59981e-11
ss,2.4e-07,3.2e-07,1.2e-07,85,8.30222e-11
ss,2.4e-07,3.2e-07,1.2e-07,125,1.31464e-10
ss,2.8e-07,1.2e-07,1.2e-07,-40,4.30488e-11
ss,2.8e-07,1.2e-07,1.2e-07,0,4.36364e-11
ss,2.8e-07,1.2e-07,1.2e-07,27,4.48649e-11
ss,2.8e-07,1.2e-07,1.2e-07,85,5.85325e-11
ss,2.8e-07,1.2e-07,1.2e-07,125,9.60757e-11
ss,2.8e-07,1.6e-07,1.2e-07,-40,4.78184e-11
ss,2.8e-07,1.6e-07,1.2e-07,0,4.84534e-11
ss,2.8e-07,1.6e-07,1.2e-07,27,4.97762e-11
ss,2.8e-07,1.6e-07,1.2e-07,85,6.46493e-11
ss,2.8e-07,1.6e-07,1.2e-07,125,1.05788e-10
ss,2.8e-07,2e-07,1.2e-07,-40,5.25866e-11
ss,2.8e-07,2e-07,1.2e-07,0,5.32671e-11
ss,2.8e-07,2e-07,1.2e-07,27,5.46766e-11
ss,2.8e-07,2e-07,1.2e-07,85,7.06236e-11
ss,2.8e-07,2e-07,1.2e-07,125,1.14964e-10
ss,2.8e-07,2.4e-07,1.2e-07,-40,5.7353e-11
ss,2.8e-07,2.4e-07,1.2e-07,0,5.80778e-11
ss,2.8e-07,2.4e-07,1.2e-07,27,5.95689e-11
ss,2.8e-07,2.4e-07,1.2e-07,85,7.65152e-11
ss,2.8e-07,2.4e-07,1.2e-07,125,1.23848e-10
ss,2.8e-07,2.8e-07,1.2e-07,-40,6.21179e-11
ss,2.8e-07,2.8e-07,1.2e-07,0,6.28862e-11
ss,2.8e-07,2.8e-07,1.2e-07,27,6.44557e-11
ss,2.8e-07,2.8e-07,1.2e-07,85,8.23553e-11
ss,2.8e-07,2.8e-07,1.2e-07,125,1.32555e-10
ss,2.8e-07,3.2e-07,1.2e-07,-40,6.68622e-11
ss,2.8e-07,3.2e-07,1.2e-07,0,6.76725e-11
ss,2.8e-07,3.2e-07,1.2e-07,27,6.9317e-11
ss,2.8e-07,3.2e-07,1.2e-07,85,8.81346e-11
ss,2.8e-07,3.2e-07,1.2e-07,125,1.41121e-10
ss,3.2e-07,1.2e-07,1.2e-07,-40,4.61124e-11
ss,3.2e-07,1.2e-07,1.2e-07,0,4.67641e-11
ss,3.2e-07,1.2e-07,1.2e-07,27,4.81145e-11
ss,3.2e-07,1.2e-07,1.2e-07,85,6.30643e-11
ss,3.2e-07,1.2e-07,1.2e-07,125,1.03994e-10
ss,3.2e-07,1.6e-07,1.2e-07,-40,5.08819e-11
ss,3.2e-07,1.6e-07,1.2e-07,0,5.15809e-11
ss,3.2e-07,1.6e-07,1.2e-07,27,5.30258e-11
ss,3.2e-07,1.6e-07,1.2e-07,85,6.91809e-11
ss,3.2e-07,1.6e-07,1.2e-07,125,1.13706e-10
ss,3.2e-07,2e-07,1.2e-07,-40,5.565e-11
ss,3.2e-07,2e-07,1.2e-07,0,5.63947e-11
ss,3.2e-07,2e-07,1.2e-07,27,5.79261e-11
ss,3.2e-07,2e-07,1.2e-07,85,7.51553e-11
ss,3.2e-07,2e-07,1.2e-07,125,1.22882e-10
ss,3.2e-07,2.4e-07,1.2e-07,-40,6.04165e-11
ss,3.2e-07,2.4e-07,1.2e-07,0,6.12054e-11
ss,3.2e-07,2.4e-07,1.2e-07,27,6.28185e-11
ss,3.2e-07,2.4e-07,1.2e-07,85,8.10469e-11
ss,3.2e-07,2.4e-07,1.2e-07,125,1.31766e-10
ss,3.2e-07,2.8e-07,1.2e-07,-40,6.51817e-11
ss,3.2e-07,2.8e-07,1.2e-07,0,6.60141e-11
ss,3.2e-07,2.8e-07,1.2e-07,27,6.77054e-11
ss,3.2e-07,2.8e-07,1.2e-07,85,8.68872e-11
ss,3.2e-07,2.8e-07,1.2e-07,125,1.40474e-10
ss,3.2e-07,3.2e-07,1.2e-07,-40,6.99259e-11
ss,3.2e-07,3.2e-07,1.2e-07,0,7.08003e-11
ss,3.2e-07,3.2e-07,1.2e-07,27,7.25668e-11
ss,3.2e-07,3.2e-07,1.2e-07,85,9.26666e-11
ss,3.2e-07,3.2e-07,1.2e-07,125,1.49039e-10
fs,1.2e-07,1.2e-07,1.2e-07,-40,4.60806e-11
fs,1.2e-07,1.2e-07,1.2e-07,0,5.44494e-11
fs,1.2e-07,1.2e-07,1.2e-07,27,7.13451e-11
fs,1.2e-07,1.2e-07,1.2e-07,85,1.8756e-10
fs,1.2e-07,1.2e-07,1.2e-07,125,3.95718e-10
fs,1.2e-07,1.6e-07,1.2e-07,-40,5.26822e-11
fs,1.2e-07,1.6e-07,1.2e-07,0,6.11184e-11
fs,1.2e-07,1.6e-07,1.2e-07,27,7.81422e-11
fs,1.2e-07,1.6e-07,1.2e-07,85,1.95751e-10
fs,1.2e-07,1.6e-07,1.2e-07,125,4.07667e-10
fs,1.2e-07,2e-07,1.2e-07,-40,5.92797e-11
fs,1.2e-07,2e-07,1.2e-07,0,6.77834e-11
fs,1.2e-07,2e-07,1.2e-07,27,8.49387e-11
fs,1.2e-07,2e-07,1.2e-07,85,2.0402e-10
fs,1.2e-07,2e-07,1.2e-07,125,4.19969e-10
fs,1.2e-07,2.4e-07,1.2e-07,-40,6.58741e-11
fs,1.2e-07,2.4e-07,1.2e-07,0,7.44452e-11
fs,1.2e-07,2.4e-07,1.2e-07,27,9.17322e-11
fs,1.2e-07,2.4e-07,1.2e-07,85,2.12309e-10
fs,1.2e-07,2.4e-07,1.2e-07,125,4.32379e-10
fs,1.2e-07,2.8e-07,1.2e-07,-40,7.24664e-11
fs,1.2e-07,2.8e-07,1.2e-07,0,8.11045e-11
fs,1.2e-07,2.8e-07,1.2e-07,27,9.85232e-11
fs,1.2e-07,2.8e-07,1.2e-07,85,2.20602e-10
fs,1.2e-07,2.8e-07,1.2e-07,125,4.44826e-10
fs,1.2e-07,3.2e-07,1.2e-07,-40,7.90023e-11
fs,1.2e-07,3.2e-07,1.2e-07,0,8.77061e-11
fs,1.2e-07,3.2e-07,1.2e-07,27,1.05258e-10
fs,1.2e-07,3.2e-07,1.2e-07,85,2.28895e-10
fs,1.2e-07,3.2e-07,1.2e-07,125,4.57469e-10
fs,1.6e-07,1.2e-07,1.2e-07,-40,5.10777e-11
fs,1.6e-07,1.2e-07,1.2e-07,0,5.9924e-11
fs,1.6e-07,1.2e-07,1.2e-07,27,7.81571e-11
fs,1.6e-07,1.2e-07,1.2e-07,85,2.06609e-10
fs,1.6e-07,1.2e-07,1.2e-07,125,4.40199e-10
fs,1.6e-07,1.6e-07,1.2e-07,-40,5.76794e-11
fs,1.6e-07,1.6e-07,1.2e-07,0,6.65931e-11
fs,1.6e-07,1.6e-07,1.2e-07,27,8.49543e-11
fs,1.6e-07,1.6e-07,1.2e-07,85,2.148e-10
fs,1.6e-07,1.6e-07,1.2e-07,125,4.52148e-10
fs,1.6e-07,2e-07,1.2e-07,-40,6.42769e-11
fs,1.6e-07,2e-07,1.2e-07,0,7.32581e-11
fs,1.6e-07,2e-07,1.2e-07,27,9.17507e-11
fs,1.6e-07,2e-07,1.2e-07,85,2.23069e-10
fs,1.6e-07,2e-07,1.2e-07,125,4.6445e-10
fs,1.6e-07,2.4e-07,1.2e-07,-40,7.08713e-11
fs,1.6e-07,2.4e-07,1.2e-07,0,7.99199e-11
fs,1.6e-07,2.4e-07,1.2e-07,27,9.85443e-11
fs,1.6e-07,2.4e-07,1.2e-07,85,2.31358e-10
fs,1.6e-07,2.4e-07,1.2e-07,125,4.7686e-10
fs,1.6e-07,2.8e-07,1.2e-07,-40,7.74635e-11
fs,1.6e-07,2.8e-07,1.2e-07,0,8.65791e-11
fs,1.6e-07,2.8e-07,1.2e-07,27,1.05335e-10
fs,1.6e-07,2.8e-07,1.2e-07,85,2.39651e-10
fs,1.6e-07,2.8e-07,1.2e-07,125,4.89306e-10
fs,1.6e-07,3.2e-07,1.2e-07,-40,8.39994e-11
fs,1.6e-07,3.2e-07,1.2e-07,0,9.31807e-11
fs,1.6e-07,3.2e-07,1.2e-07,27,1.1207e-10
fs,1.6e-07,3.2e-07,1.2e-07,85,2.47944e-10
fs,1.6e-07,3.2e-07,1.2e-07,125,5.0195e-10
fs,2e-07,1.2e-07,1.2e-07,-40,5.60017e-11
fs,2e-07,1.2e-07,1.2e-07,0,6.51952e-11
fs,2e-07,1.2e-07,1.2e-07,27,8.44462e-11
fs,2e-07,1.2e-07,1.2e-07,85,2.22732e-10
fs,2e-07,1.2e-07,1.2e-07,125,4.77456e-10
fs,2e-07,1.6e-07,1.2e-07,-40,6.26033e-11
fs,2e-07,1.6e-07,1.2e-07,0,7.18643e-11
fs,2e-07,1.6e-07,1.2e-07,27,9.12435e-11
fs,2e-07,1.6e-07,1.2e-07,85,2.30923e-10
fs,2e-07,1.6e-07,1.2e-07,125,4.89405e-10
fs,2e-07,2e-07,1.2e-07,-40,6.92008e-11
fs,2e-07,2e-07,1.2e-07,0,7.85293e-11
fs,2e-07,2e-07,1.2e-07,27,9.80398e-11
fs,2e-07,2e-07,1.2e-07,85,2.39192e-10
fs,2e-07,2e-07,1.2e-07,125,5.01707e-10
fs,2e-07,2.4e-07,1.2e-07,-40,7.57953e-11
fs,2e-07,2.4e-07,1.2e-07,0,8.51911e-11
fs,2e-07,2.4e-07,1.2e-07,27,1.04833e-10
fs,2e-07,2.4e-07,1.2e-07,85,2.47481e-10
fs,2e-07,2.4e-07,1.2e-07,125,5.14117e-10
fs,2e-07,2.8e-07,1.2e-07,-40,8.23874e-11
fs,2e-07,2.8e-07,1.2e-07,0,9.18503e-11
fs,2e-07,2.8e-07,1.2e-07,27,1.11624e-10
fs,2e-07,2.8e-07,1.2e-07,85,2.55774e-10
fs,2e-07,2.8e-07,1.2e-07,125,5.26563e-10
fs,2e-07,3.2e-07,1.2e-07,-40,8.89233e-11
fs,2e-07,3.2e-07,1.2e-07,0,9.84519e-11
fs,2e-07,3.2e-07,1.2e-07,27,1.18359e-10
fs,2e-07,3.2e-07,1.2e-07,85,2.64067e-10
fs,2e-07,3.2e-07,1.2e-07,125,5.39207e-10
fs,2.4e-07,1.2e-07,1.2e-07,-40,6.08937e-11
fs,2.4e-07,1.2e-07,1.2e-07,0,7.04144e-11
fs,2.4e-07,1.2e-07,1.2e-07,27,9.05919e-11
fs,2.4e-07,1.2e-07,1.2e-07,85,2.37787e-10
fs,2.4e-07,1.2e-07,1.2e-07,125,5.11757e-10
fs,2.4e-07,1.6e-07,1.2e-07,-40,6.74953e-11
fs,2.4e-07,1.6e-07,1.2e-07,0,7.70834e-11
fs,2.4e-07,1.6e-07,1.2e-07,27,9.7389e-11
fs,2.4e-07,1.6e-07,1.2e-07,85,2.45978e-10
fs,2.4e-07,1.6e-07,1.2e-07,125,5.23706e-10
fs,2.4e-07,2e-07,1.2e-07,-40,7.40929e-11
fs,2.4e-07,2e-07,1.2e-07,0,8.37485e-11
fs,2.4e-07,2e-07,1.2e-07,27,1.04185e-10
fs,2.4e-07,2e-07,1.2e-07,85,2.54247e-10
fs,2.4e-07,2e-07,1.2e-07,125,5.36008e-10
fs,2.4e-07,2.4e-07,1.2e-07,-40,8.06872e-11
fs,2.4e-07,2.4e-07,1.2e-07,0,9.04102e-11
fs,2.4e-07,2.4e-07,1.2e-07,27,1.10979e-10
fs,2.4e-07,2.4e-07,1.2e-07,85,2.62535e-10
fs,2.4e-07,2.4e-07,1.2e-07,125,5.48418e-10
fs,2.4e-07,2.8e-07,1.2e-07,-40,8.72797e-11
fs,2.4e-07,2.8e-07,1.2e-07,0,9.70697e-11
fs,2.4e-07,2.8e-07,1.2e-07,27,1.1777e-10
fs,2.4e-07,2.8e-07,1.2e-07,85,2.70828e-10
fs,2.4e-07,2.8e-07,1.2e-07,125,5.60864e-10
fs,2.4e-07,3.2e-07,1.2e-07,-40,9.38155e-11
fs,2.4e-07,3.2e-07,1.2e-07,0,1.03671e-10
fs,2.4e-07,3.2e-07,1.2e-07,27,1.24505e-10
fs,2.4e-07,3.2e-07,1.2e-07,85,2.79122e-10
fs,2.4e-07,3.2e-07,1.2e-07,125,5.73508e-10
fs,2.8e-07,1.2e-07,1.2e-07,-40,6.5769e-11
fs,2.8e-07,1.2e-07,1.2e-07,0,7.56247e-11
fs,2.8e-07,1.2e-07,1.2e-07,27,9.6707e-11
fs,2.8e-07,1.2e-07,1.2e-07,85,2.52415e-10
fs,2.8e-07,1.2e-07,1.2e-07,125,5.44684e-10
fs,2.8e-07,1.6e-07,1.2e-07,-40,7.23707e-11
fs,2.8e-07,1.6e-07,1.2e-07,0,8.22937e-11
fs,2.8e-07,1.6e-07,1.2e-07,27,1.03504e-10
fs,2.8e-07,1.6e-07,1.2e-07,85,2.60606e-10
fs,2.8e-07,1.6e-07,1.2e-07,125,5.56633e-10
fs,2.8e-07,2e-07,1.2e-07,-40,7.89682e-11
fs,2.8e-07,2e-07,1.2e-07,0,8.89588e-11
fs,2.8e-07,2e-07,1.2e-07,27,1.10301e-10
fs,2.8e-07,2e-07,1.2e-07,85,2.68875e-10
fs,2.8e-07,2e-07,1.2e-07,125,5.68934e-10
fs,2.8e-07,2.4e-07,1.2e-07,-40,8.55627e-11
fs,2.8e-07,2.4e-07,1.2e-07,0,9.56206e-11
fs,2.8e-07,2.4e-07,1.2e-07,27,1.17094e-10
fs,2.8e-07,2.4e-07,1.2e-07,85,2.77164e-10
fs,2.8e-07,2.4e-07,1.2e-07,125,5.81345e-10
fs,2.8e-07,2.8e-07,1.2e-07,-40,9.21549e-11
fs,2.8e-07,2.8e-07,1.2e-07,0,1.0228e-10
fs,2.8e-07,2.8e-07,1.2e-07,27,1.23885e-10
fs,2.8e-07,2.8e-07,1.2e-07,85,2.85456e-10
fs,2.8e-07,2.8e-07,1.2e-07,125,5.93791e-10
fs,2.8e-07,3.2e-07,1.2e-07,-40,9.86908e-11
fs,2.8e-07,3.2e-07,1.2e-07,0,1.08881e-10
fs,2.8e-07,3.2e-07,1.2e-07,27,1.3062e-10
fs,2.8e-07,3.2e-07,1.2e-07,85,2.9375e-10
fs,2.8e-07,3.2e-07,1.2e-07,125,6.06434e-10
fs,3.2e-07,1.2e-07,1.2e-07,-40,7.06332e-11
fs,3.2e-07,1.2e-07,1.2e-07,0,8.05535e-11
fs,3.2e-07,1.2e-07,1.2e-07,27,1.02014e-10
fs,3.2e-07,1.2e-07,1.2e-07,85,2.63031e-10
fs,3.2e-07,1.2e-07,1.2e-07,125,5.68655e-10
fs,3.2e-07,1.6e-07,1.2e-07,-40,7.72347e-11
fs,3.2e-07,1.6e-07,1.2e-07,0,8.72224e-11
fs,3.2e-07,1.6e-07,1.2e-07,27,1.08811e-10
fs,3.2e-07,1.6e-07,1.2e-07,85,2.71221e-10
fs,3.2e-07,1.6e-07,1.2e-07,125,5.80604e-10
fs,3.2e-07,2e-07,1.2e-07,-40,8.38323e-11
fs,3.2e-07,2e-07,1.2e-07,0,9.38875e-11
fs,3.2e-07,2e-07,1.2e-07,27,1.15607e-10
fs,3.2e-07,2e-07,1.2e-07,85,2.79491e-10
fs,3.2e-07,2e-07,1.2e-07,125,5.92905e-10
fs,3.2e-07,2.4e-07,1.2e-07,-40,9.04268e-11
fs,3.2e-07,2.4e-07,1.2e-07,0,1.00549e-10
fs,3.2e-07,2.4e-07,1.2e-07,27,1.22401e-10
fs,3.2e-07,2.4e-07,1.2e-07,85,2.87779e-10
fs,3.2e-07,2.4e-07,1.2e-07,125,6.05315e-10
fs,3.2e-07,2.8e-07,1.2e-07,-40,9.70192e-11
fs,3.2e-07,2.8e-07,1.2e-07,0,1.07209e-10
fs,3.2e-07,2.8e-07,1.2e-07,27,1.29192e-10
fs,3.2e-07,2.8e-07,1.2e-07,85,2.96073e-10
fs,3.2e-07,2.8e-07,1.2e-07,125,6.17762e-10
fs,3.2e-07,3.2e-07,1.2e-07,-40,1.03555e-10
fs,3.2e-07,3.2e-07,1.2e-07,0,1.1381e-10
fs,3.2e-07,3.2e-07,1.2e-07,27,1.35927e-10
fs,3.2e-07,3.2e-07,1.2e-07,85,3.04366e-10
fs,3.2e-07,3.2e-07,1.2e-07,125,6.30405e-10
sf,1.2e-07,1.2e-07,1.2e-07,-40,4.26706e-11
sf,1.2e-07,1.2e-07,1.2e-07,0,4.70201e-11
sf,1.2e-07,1.2e-07,1.2e-07,27,5.84341e-11
sf,1.2e-07,1.2e-07,1.2e-07,85,1.62463e-10
sf,1.2e-07,1.2e-07,1.2e-07,125,3.81699e-10
sf,1.2e-07,1.6e-07,1.2e-07,-40,4.9383e-11
sf,1.2e-07,1.6e-07,1.2e-07,0,5.29423e-11
sf,1.2e-07,1.6e-07,1.2e-07,27,6.24009e-11
sf,1.2e-07,1.6e-07,1.2e-07,85,1.51898e-10
sf,1.2e-07,1.6e-07,1.2e-07,125,3.46587e-10
sf,1.2e-07,2e-07,1.2e-07,-40,5.61564e-11
sf,1.2e-07,2e-07,1.2e-07,0,5.94985e-11
sf,1.2e-07,2e-07,1.2e-07,27,6.84053e-11
sf,1.2e-07,2e-07,1.2e-07,85,1.54379e-10
sf,1.2e-07,2e-07,1.2e-07,125,3.44709e-10
sf,1.2e-07,2.4e-07,1.2e-07,-40,6.29464e-11
sf,1.2e-07,2.4e-07,1.2e-07,0,6.62555e-11
sf,1.2e-07,2.4e-07,1.2e-07,27,7.50731e-11
sf,1.2e-07,2.4e-07,1.2e-07,85,1.61272e-10
sf,1.2e-07,2.4e-07,1.2e-07,125,3.54293e-10
sf,1.2e-07,2.8e-07,1.2e-07,-40,6.97426e-11
sf,1.2e-07,2.8e-07,1.2e-07,0,7.30993e-11
sf,1.2e-07,2.8e-07,1.2e-07,27,8.20331e-11
sf,1.2e-07,2.8e-07,1.2e-07,85,1.70151e-10
sf,1.2e-07,2.8e-07,1.2e-07,125,3.69093e-10
sf,1.2e-07,3.2e-07,1.2e-07,-40,7.64796e-11
sf,1.2e-07,3.2e-07,1.2e-07,0,7.99221e-11
sf,1.2e-07,3.2e-07,1.2e-07,27,8.90815e-11
sf,1.2e-07,3.2e-07,1.2e-07,85,1.8014e-10
sf,1.2e-07,3.2e-07,1.2e-07,125,3.87148e-10
sf,1.6e-07,1.2e-07,1.2e-07,-40,4.70549e-11
sf,1.6e-07,1.2e-07,1.2e-07,0,5.16373e-11
sf,1.6e-07,1.2e-07,1.2e-07,27,6.35942e-11
sf,1.6e-07,1.2e-07,1.2e-07,85,1.72543e-10
sf,1.6e-07,1.2e-07,1.2e-07,125,4.0258e-10
sf,1.6e-07,1.6e-07,1.2e-07,-40,5.37673e-11
sf,1.6e-07,1.6e-07,1.2e-07,0,5.75595e-11
sf,1.6e-07,1.6e-07,1.2e-07,27,6.75611e-11
sf,1.6e-07,1.6e-07,1.2e-07,85,1.61978e-10
sf,1.6e-07,1.6e-07,1.2e-07,125,3.67468e-10
sf,1.6e-07,2e-07,1.2e-07,-40,6.05407e-11
sf,1.6e-07,2e-07,1.2e-07,0,6.41157e-11
sf,1.6e-07,2e-07,1.2e-07,27,7.35654e-11
sf,1.6e-07,2e-07,1.2e-07,85,1.64459e-10
sf,1.6e-07,2e-07,1.2e-07,125,3.6559e-10
sf,1.6e-07,2.4e-07,1.2e-07,-40,6.73307e-11
sf,1.6e-07,2.4e-07,1.2e-07,0,7.08727e-11
sf,1.6e-07,2.4e-07,1.2e-07,27,8.02333e-11
sf,1.6e-07,2.4e-07,1.2e-07,85,1.71352e-10
sf,1.6e-07,2.4e-07,1.2e-07,125,3.75174e-10
sf,1.6e-07,2.8e-07,1.2e-07,-40,7.41268e-11
sf,1.6e-07,2.8e-07,1.2e-07,0,7.77164e-11
sf,1.6e-07,2.8e-07,1.2e-07,27,8.71931e-11
sf,1.6e-07,2.8e-07,1.2e-07,85,1.80231e-10
sf,1.6e-07,2.8e-07,1.2e-07,125,3.89974e-10
sf,1.6e-07,3.2e-07,1.2e-07,-40,8.08638e-11
sf,1.6e-07,3.2e-07,1.2e-07,0,8.45392e-11
sf,1.6e-07,3.2e-07,1.2e-07,27,9.42415e-11
sf,1.6e-07,3.2e-07,1.2e-07,85,1.9022e-10
sf,1.6e-07,3.2e-07,1.2e-07,125,4.08029e-10
sf,2e-07,1.2e-07,1.2e-07,-40,5.13858e-11
sf,2e-07,1.2e-07,1.2e-07,0,5.61669e-11
sf,2e-07,1.2e-07,1.2e-07,27,6.8582e-11
sf,2e-07,1.2e-07,1.2e-07,85,1.8174e-10
sf,2e-07,1.2e-07,1.2e-07,125,4.2116e-10
sf,2e-07,1.6e-07,1.2e-07,-40,5.80983e-11
sf,2e-07,1.6e-07,1.2e-07,0,6.20891e-11
sf,2e-07,1.6e-07,1.2e-07,27,7.25489e-11
sf,2e-07,1.6e-07,1.2e-07,85,1.71175e-10
sf,2e-07,1.6e-07,1.2e-07,125,3.86048e-10
sf,2e-07,2e-07,1.2e-07,-40,6.48717e-11
sf,2e-07,2e-07,1.2e-07,0,6.86453e-11
sf,2e-07,2e-07,1.2e-07,27,7.85532e-11
sf,2e-07,2e-07,1.2e-07,85,1.73656e-10
sf,2e-07,2e-07,1.2e-07,125,3.8417e-10
sf,2e-07,2.4e-07,1.2e-07,-40,7.16617e-11
sf,2e-07,2.4e-07,1.2e-07,0,7.54024e-11
sf,2e-07,2.4e-07,1.2e-07,27,8.52211e-11
sf,2e-07,2.4e-07,1.2e-07,85,1.80549e-10
sf,2e-07,2.4e-07,1.2e-07,125,3.93753e-10
sf,2e-07,2.8e-07,1.2e-07,-40,7.84577e-11
sf,2e-07,2.8e-07,1.2e-07,0,8.2246e-11
sf,2e-07,2.8e-07,1.2e-07,27,9.2181e-11
sf,2e-07,2.8e-07,1.2e-07,85,1.89428e-10
sf,2e-07,2.8e-07,1.2e-07,125,4.08554e-10
sf,2e-07,3.2e-07,1.2e-07,-40,8.51948e-11
sf,2e-07,3.2e-07,1.2e-07,0,8.90688e-11
sf,2e-07,3.2e-07,1.2e-07,27,9.92293e-11
sf,2e-07,3.2e-07,1.2e-07,85,1.99417e-10
sf,2e-07,3.2e-07,1.2e-07,125,4.26609e-10
sf,2.4e-07,1.2e-07,1.2e-07,-40,5.56826e-11
sf,2.4e-07,1.2e-07,1.2e-07,0,6.06389e-11
sf,2.4e-07,1.2e-07,1.2e-07,27,7.34541e-11
sf,2.4e-07,1.2e-07,1.2e-07,85,1.90336e-10
sf,2.4e-07,1.2e-07,1.2e-07,125,4.38171e-10
sf,2.4e-07,1.6e-07,1.2e-07,-40,6.2395e-11
sf,2.4e-07,1.6e-07,1.2e-07,0,6.6561e-11
sf,2.4e-07,1.6e-07,1.2e-07,27,7.74209e-11
sf,2.4e-07,1.6e-07,1.2e-07,85,1.79771e-10
sf,2.4e-07,1.6e-07,1.2e-07,125,4.03059e-10
sf,2.4e-07,2e-07,1.2e-07,-40,6.91684e-11
sf,2.4e-07,2e-07,1.2e-07,0,7.31173e-11
sf,2.4e-07,2e-07,1.2e-07,27,8.34253e-11
sf,2.4e-07,2e-07,1.2e-07,85,1.82252e-10
sf,2.4e-07,2e-07,1.2e-07,125,4.01181e-10
sf,2.4e-07,2.4e-07,1.2e-07,-40,7.59583e-11
sf,2.4e-07,2.4e-07,1.2e-07,0,7.98742e-11
sf,2.4e-07,2.4e-07,1.2e-07,27,9.0093e-11
sf,2.4e-07,2.4e-07,1.2e-07,85,1.89144e-10
sf,2.4e-07,2.4e-07,1.2e-07,125,4.10764e-10
sf,2.4e-07,2.8e-07,1.2e-07,-40,8.27546e-11
sf,2.4e-07,2.8e-07,1.2e-07,0,8.67181e-11
sf,2.4e-07,2.8e-07,1.2e-07,27,9.70532e-11
sf,2.4e-07,2.8e-07,1.2e-07,85,1.98024e-10
sf,2.4e-07,2.8e-07,1.2e-07,125,4.25565e-10
sf,2.4e-07,3.2e-07,1.2e-07,-40,8.94916e-11
sf,2.4e-07,3.2e-07,1.2e-07,0,9.35409e-11
sf,2.4e-07,3.2e-07,1.2e-07,27,1.04102e-10
sf,2.4e-07,3.2e-07,1.2e-07,85,2.08012e-10
sf,2.4e-07,3.2e-07,1.2e-07,125,4.4362e-10
sf,2.8e-07,1.2e-07,1.2e-07,-40,5.99563e-11
sf,2.8e-07,1.2e-07,1.2e-07,0,6.50724e-11
sf,2.8e-07,1.2e-07,1.2e-07,27,7.82492e-11
sf,2.8e-07,1.2e-07,1.2e-07,85,1.98529e-10
sf,2.8e-07,1.2e-07,1.2e-07,125,4.54125e-10
sf,2.8e-07,1.6e-07,1.2e-07,-40,6.66688e-11
sf,2.8e-07,1.6e-07,1.2e-07,0,7.09946e-11
sf,2.8e-07,1.6e-07,1.2e-07,27,8.22161e-11
sf,2.8e-07,1.6e-07,1.2e-07,85,1.87964e-10
sf,2.8e-07,1.6e-07,1.2e-07,125,4.19013e-10
sf,2.8e-07,2e-07,1.2e-07,-40,7.34422e-11
sf,2.8e-07,2e-07,1.2e-07,0,7.75509e-11
sf,2.8e-07,2e-07,1.2e-07,27,8.82205e-11
sf,2.8e-07,2e-07,1.2e-07,85,1.90445e-10
sf,2.8e-07,2e-07,1.2e-07,125,4.17135e-10
sf,2.8e-07,2.4e-07,1.2e-07,-40,8.02323e-11
sf,2.8e-07,2.4e-07,1.2e-07,0,8.4308e-11
sf,2.8e-07,2.4e-07,1.2e-07,27,9.48884e-11
sf,2.8e-07,2.4e-07,1.2e-07,85,1.97338e-10
sf,2.8e-07,2.4e-07,1.2e-07,125,4.26718e-10
sf,2.8e-07,2.8e-07,1.2e-07,-40,8.70283e-11
sf,2.8e-07,2.8e-07,1.2e-07,0,9.11516e-11
sf,2.8e-07,2.8e-07,1.2e-07,27,1.01848e-10
sf,2.8e-07,2.8e-07,1.2e-07,85,2.06217e-10
sf,2.8e-07,2.8e-07,1.2e-07,125,4.41519e-10
sf,2.8e-07,3.2e-07,1.2e-07,-40,9.37653e-11
sf,2.8e-07,3.2e-07,1.2e-07,0,9.79744e-11
sf,2.8e-07,3.2e-07,1.2e-07,27,1.08897e-10
sf,2.8e-07,3.2e-07,1.2e-07,85,2.16205e-10
sf,2.8e-07,3.2e-07,1.2e-07,125,4.59574e-10
sf,3.2e-07,1.2e-07,1.2e-07,-40,6.42533e-11
sf,3.2e-07,1.2e-07,1.2e-07,0,6.94836e-11
sf,3.2e-07,1.2e-07,1.2e-07,27,8.29104e-11
sf,3.2e-07,1.2e-07,1.2e-07,85,2.057e-10
sf,3.2e-07,1.2e-07,1.2e-07,125,4.67378e-10
sf,3.2e-07,1.6e-07,1.2e-07,-40,7.09656e-11
sf,3.2e-07,1.6e-07,1.2e-07,0,7.54057e-11
sf,3.2e-07,1.6e-07,1.2e-07,27,8.68772e-11
sf,3.2e-07,1.6e-07,1.2e-07,85,1.95135e-10
sf,3.2e-07,1.6e-07,1.2e-07,125,4.32265e-10
sf,3.2e-07,2e-07,1.2e-07,-40,7.7739e-11
sf,3.2e-07,2e-07,1.2e-07,0,8.19619e-11
sf,3.2e-07,2e-07,1.2e-07,27,9.28816e-11
sf,3.2e-07,2e-07,1.2e-07,85,1.97616e-10
sf,3.2e-07,2e-07,1.2e-07,125,4.30387e-10
sf,3.2e-07,2.4e-07,1.2e-07,-40,8.45291e-11
sf,3.2e-07,2.4e-07,1.2e-07,0,8.8719e-11
sf,3.2e-07,2.4e-07,1.2e-07,27,9.95494e-11
sf,3.2e-07,2.4e-07,1.2e-07,85,2.04508e-10
sf,3.2e-07,2.4e-07,1.2e-07,125,4.39971e-10
sf,3.2e-07,2.8e-07,1.2e-07,-40,9.13254e-11
sf,3.2e-07,2.8e-07,1.2e-07,0,9.55629e-11
sf,3.2e-07,2.8e-07,1.2e-07,27,1.0651e-10
sf,3.2e-07,2.8e-07,1.2e-07,85,2.13388e-10
sf,3.2e-07,2.8e-07,1.2e-07,125,4.54771e-10
sf,3.2e-07,3.2e-07,1.2e-07,-40,9.80624e-11
sf,3.2e-07,3.2e-07,1.2e-07,0,1.02386e-10
sf,3.2e-07,3.2e-07,1.2e-07,27,1.13558e-10
sf,3.2e-07,3.2e-07,1.2e-07,85,2.23377e-10
sf,3.2e-07,3.2e-07,1.2e-07,125,4.72826e-10
